{"global_step": 49152, "_timestamp": 1710172399.2457216, "_runtime": 47.71785354614258, "_step": 24, "charts/learning_rate": 1.249999968422344e-05, "losses/value_loss": 8.40233216337083e-09, "losses/policy_loss": 0.0018273824825882912, "losses/entropy": 1.3990004062652588, "losses/old_approx_kl": 0.002233961597084999, "losses/approx_kl": 0.0006111133843660355, "losses/clipfrac": 0.0, "losses/explained_variance": null, "charts/SPS": 1063.0, "_wandb": {"runtime": 46}}