{"global_step": 241664, "_timestamp": 1710172970.7254207, "_runtime": 225.68348264694214, "_step": 118, "charts/learning_rate": 0.00015614753647241741, "losses/value_loss": 5.647837406086431e-11, "losses/policy_loss": -0.013678625226020813, "losses/entropy": 1.348747730255127, "losses/old_approx_kl": 0.008898429572582245, "losses/approx_kl": 0.0032430579885840416, "losses/clipfrac": 0.03261718899011612, "losses/explained_variance": null, "charts/SPS": 1075.0, "_wandb": {"runtime": 232}}